design,mutations,selection_score,ridgey_stability_delta_mean,ridgey_stability_delta_min,ridgey_stability_delta_by_model,ridgey_ec_probability_mean,ridgey_ec_delta_mean,ridgey_ec_delta_min,ridgey_ec_non_decreasing_models,ridgey_ec_delta_by_model,ridgey_solubility_delta_mean,ridgey_solubility_delta_min,ridgey_solubility_delta_by_model,ridgey_masked_lm_delta_mean,ridgey_masked_ppl_ratio_mean,ridgey_enzyme_probability_min,ridgey_zinc_probability_min,active_sites_all_models,potts_delta,independent_delta,net_charge_delta,surface_hydropathy_delta,minimum_catalytic_ca_distance,source_name,esmfold2fast_plddt,esmfold2fast_plddt_delta_vs_wt,esmfold2fast_ptm,esmfold2fast_ptm_delta_vs_wt,structured_ca_rmsd_vs_wt_angstrom,structured_ca_fraction_within_3A,nterm_ca_rmsd_angstrom,core_ca_rmsd_angstrom,paw_ca_rmsd_angstrom,max_domain_ca_rmsd_angstrom,fold_selection_score,structure_file
NGLY1_10M_001,V17L;Q22K;V68I;V505I;T571A;T575V;E593R;S599T;Y603F;R620K,1.3544780511712065,0.18913223671874996,0.17781663281250015,0.206105643;0.189940494;0.185899207;0.177816633;0.185899207,0.9848438382148743,0.0025620222091674804,-0.00040286779403686523,4,0;0.00725287199;0.00298005342;-0.000402867794;0.00298005342,0.002114593982696533,-0.00037789344787597656,0.00345593691;0.00166994333;-0.000377893448;0;0.00582498312,0.33125009536743166,0.7339809658989722,0.9995121955871582,0.531209409236908,309;336;353,-46.060758309438825,-4.663593769073486,3,-0.7999999999999998,26.049585,NGLY1_EC017,0.9380666017532349,0.003837108612060547,0.6192024350166321,0.0218392014503479,21.46827330815653,0.009784735812133072,0.21589041464476397,0.0869188115279249,0.15735081349218347,0.21589041464476397,1.0554084452088397,structures/NGLY1_10M_001_esmfold2fast.cif
NGLY1_10M_002,V17L;Q22K;V68I;V95I;Q420K;V560S;T575V;Q591E;E593R;Y603F,1.1582679565930487,0.16973405859375007,0.14952762304687495,0.149527623;0.169734059;0.173775346;0.177816633;0.177816633,0.9846827864646912,0.002400970458984375,-0.0012872815132141113,4,0;0.00596994162;0.00298005342;-0.00128728151;0.00434213877,0.005224603414535523,-0.005391597747802734,0.00210285187;0.00166994333;0;-0.00539159775;0.0277418196,0.38250002861022947,0.688422607180073,0.9995694756507874,0.6548947095870972,309;336;353,-52.2307784371078,-5.487847328186035,3,-1.7999999999999998,26.049585,NGLY1_EC216,0.9373754858970642,0.0031459927558898926,0.616272509098053,0.0189092755317688,21.377625121196562,0.009784735812133072,0.21706743104259596,0.0960066613587345,0.09014443609854458,0.21706743104259596,0.8393563649034528,structures/NGLY1_10M_002_esmfold2fast.cif
NGLY1_10M_003,V17L;Q22K;R64K;V184I;N486Q;Q492S;Q512E;T571A;T575V;E593K,1.1110314239536783,0.13497898945312495,0.12123861328124974,0.15356891;0.133362475;0.137403762;0.129321187;0.121238613,0.9846189260482788,0.0023371100425720213,-0.0017721056938171387,4,0.000328361988;0.00316208601;0.00434213877;-0.00177210569;0.00562506914,0.013979512453079223,0.0,0.00604903698;0.00815463066;0;0.0123302937;0.043363601,0.47500004768371584,0.6438442021951127,0.9995827078819275,0.5428633093833923,309;336;353,-50.163158010691404,-1.7585201263427734,2,-0.7999999999999998,18.176949,NGLY1_EC110,0.9388177394866943,0.0045882463455200195,0.6197543144226074,0.022391080856323242,21.47038576934469,0.009784735812133072,0.20456203395289385,0.10932108066422237,0.11414042570091684,0.20456203395289385,0.8230966135873694,structures/NGLY1_10M_003_esmfold2fast.cif
NGLY1_10M_004,V17L;Q22K;R64K;V68I;Q420K;K501E;V505I;T571A;T575V;T580R,1.1010788919133228,0.15276065273437495,0.1414450488281247,0.15356891;0.15356891;0.15356891;0.161651484;0.141445049,0.984443473815918,0.0021616578102111816,-0.0012872815132141113,4,0.000328361988;0.00725287199;0.00153428316;-0.00128728151;0.00298005342,0.008734005689620971,0.0,0.00667446852;0.00495105982;0;0.0025947094;0.0294497907,0.36999998092651365,0.7054045639216375,0.9996199607849121,0.5888891220092773,309;336;353,-44.701866053044796,-1.7369611263275146,1,-0.7999999999999998,26.049585,NGLY1_EC008,0.936532199382782,0.002302706241607666,0.6136143207550049,0.016251087188720703,20.151850926819264,0.019569471624266144,0.20835382846096132,0.11408228550922163,0.1423619079685646,0.20835382846096132,0.7856560654597408,structures/NGLY1_10M_004_esmfold2fast.cif
NGLY1_10M_005,V17L;Q22K;R64K;V68I;Q97T;Q492S;N509D;D565E;T575V;T580R,1.0382283062569408,0.19155700898437508,0.17781663281250015,0.198023068;0.177816633;0.206105643;0.185899207;0.189940494,0.9843527674674988,0.0020709514617919924,-0.0008314251899719238,4,0.000618219376;0.00460785627;0.00298005342;-0.00083142519;0.00298005342,0.005012452602386475,-0.005391597747802734,0.00541454554;0.00656247139;0;-0.00539159775;0.0184768438,0.18124995231628419,0.8353131632985127,0.999555766582489,0.6150878667831421,309;336;353,-54.02510580793023,-5.470818519592285,1,-0.3999999999999999,26.049585,NGLY1_EC048,0.9380415678024292,0.003812074661254883,0.6171764135360718,0.019813179969787598,21.577184303624144,0.009784735812133072,0.20211429462236813,0.11149217198197363,0.06185264818679687,0.20211429462236813,0.7277021230761553,structures/NGLY1_10M_005_esmfold2fast.cif
NGLY1_10M_006,V17L;Q22K;R64K;A93T;Q492S;V505I;N509D;V564I;T575V;E582R,1.0608110295229314,0.16569277148437483,0.14952762304687495,0.18185792;0.173775346;0.169734059;0.15356891;0.149527623,0.9842947959899903,0.002012979984283447,-0.0008314251899719238,4,0.000328361988;0.00460785627;0.00298005342;-0.00083142519;0.00298005342,0.007966119050979614,-0.00037789344787597656,0.00667446852;0.00972777605;-0.000377893448;0.00386738777;0.0199388564,0.27374982833862305,0.7659177916931299,0.9995694756507874,0.5506073832511902,309;336;353,-43.08065125718713,-4.063293695449829,2,-1.4,26.562634,NGLY1_EC027,0.9341716170310974,-5.78761100769043e-05,0.610994279384613,0.013631045818328857,19.198462510932792,0.0136986301369863,0.2844406919205467,0.07840659800323826,0.11653976819449458,0.2844406919205467,0.7216629919415072,structures/NGLY1_10M_006_esmfold2fast.cif
NGLY1_10M_007,Q22K;F28L;R64K;V68I;V95I;Q492S;T575V;E593Q;S599T;V612I,0.9968781450344195,0.16488451406250001,0.1252799003906251,0.185899207;0.149527623;0.193981781;0.169734059;0.1252799,0.9845186591148376,0.0022368431091308594,-0.0008314251899719238,4,0.000169277191;0.00596994162;0.00434213877;-0.00083142519;0.00153428316,0.0032225191593170167,-0.006782472133636475,0.00604903698;0.00166994333;-0.000377893448;-0.00678247213;0.0155539811,0.259999942779541,0.7755667500944238,0.9995121955871582,0.5698526501655579,309;336;353,-53.31234144978225,-8.608283162117004,2,-0.3999999999999999,26.049585,NGLY1_EC127,0.9387570023536682,0.0045275092124938965,0.6181972026824951,0.020833969116210938,21.77519782285466,0.007827788649706457,0.15231950180751233,0.13830286090043178,0.07332231998213887,0.15231950180751233,0.6986335661387189,structures/NGLY1_10M_007_esmfold2fast.cif
NGLY1_10M_008,Q22K;R64K;V68I;V95I;Q512E;T571A;T575V;T580K;Q591E;E593K,0.988622932201314,0.13336247460937498,0.09294960351562498,0.157610197;0.1252799;0.137403762;0.15356891;0.0929496035,0.9845186591148376,0.0022368431091308594,-0.0008314251899719238,4,0.000169277191;0.00596994162;0.00153428316;-0.00083142519;0.00434213877,0.007714933156967163,-0.0013224482536315918,0.00667446852;0.00332021713;-0.000767409801;-0.00132244825;0.0306698382,0.5374999523162842,0.6000597895603761,0.9995827078819275,0.562176525592804,309;336;353,-48.783747248351574,0.019077658653259277,2,-0.7999999999999998,26.049585,NGLY1_EC078,0.934573233127594,0.00034373998641967773,0.6040515899658203,0.006688356399536133,15.927865477213428,0.021526418786692758,0.07626378409372676,0.08592384587799133,0.1158870397436061,0.1158870397436061,0.6976738413394343,structures/NGLY1_10M_008_esmfold2fast.cif
NGLY1_10M_009,Q22K;R64K;V68I;A93T;V95I;Q435E;V505I;T575V;T580K;S599T,0.9571865443068571,0.13821201914062495,0.12123861328124974,0.15356891;0.1252799;0.149527623;0.141445049;0.121238613,0.9843461036682128,0.0020642876625061035,0.0,5,0;0.00725287199;0.00153428316;0;0.00153428316,0.008171218633651733,-0.002661764621734619,0.00667446852;0.00166994333;-0.000377893448;-0.00266176462;0.0355513394,0.026250028610229494,0.9898099690515726,0.9995121955871582,0.5736784338951111,309;336;353,-47.01727234199643,-2.633360981941223,1,-0.3999999999999999,25.46192,NGLY1_EC083,0.9384617209434509,0.004232227802276611,0.6143248677253723,0.016961634159088135,19.465612471216723,0.011741682974559686,0.16189112182157028,0.09328628760543531,0.10716955028680399,0.16189112182157028,0.6820534539550038,structures/NGLY1_10M_009_esmfold2fast.cif
NGLY1_10M_010,V17L;Q22K;R64K;V68I;V95I;N486Q;K501E;Q512E;T571A;T575V,0.7967846425111319,0.15922671210937506,0.14548633593750004,0.165692771;0.145486336;0.173775346;0.157610197;0.15356891,0.9838826537132264,0.0016008377075195312,-0.0012872815132141113,4,0.000169277191;0.00316208601;0.00298005342;-0.00128728151;0.00298005342,0.005470234155654907,-0.0013224482536315918,0.00541454554;0.00332021713;0;-0.00132244825;0.0199388564,0.2662500381469727,0.7843185340970653,0.999595582485199,0.5467381477355957,309;336;353,-46.2651925496757,-1.9707725048065186,-2,-0.3999999999999999,26.049585,NGLY1_EC082,0.9324309825897217,-0.0017985105514526367,0.5976032018661499,0.00023996829986572266,5.050357176503284,0.3561643835616438,0.1958650645296328,0.0714564727650391,0.10163687952245029,0.1958650645296328,0.6633230298034979,structures/NGLY1_10M_010_esmfold2fast.cif
NGLY1_10M_011,V17L;R64K;V68I;V184I;V564I;T575V;T580K;T595K;S599T;Y603F,0.9685212970020918,0.15599368242187478,0.1414450488281247,0.161651484;0.141445049;0.145486336;0.169734059;0.161651484,0.9842123866081238,0.001930570602416992,-0.0008314251899719238,4,0;0.00596994162;0.00298005342;-0.00083142519;0.00153428316,0.007129478454589844,-0.0013224482536315918,0.00604903698;0.018774569;0;-0.00132244825;0.0121462345,0.2912501335144043,0.7506252167865263,0.9993928670883179,0.562176525592804,309;336;353,-45.46589467488229,-0.9003866910934448,2,-3.2,18.176949,NGLY1_EC088,0.935257077217102,0.0010275840759277344,0.6111696362495422,0.013806402683258057,18.857282730224874,0.0136986301369863,0.17379170270133842,0.08595726639712219,0.12337722995447319,0.17379170270133842,0.6567801603570547,structures/NGLY1_10M_011_esmfold2fast.cif
NGLY1_10M_012,V17L;Q22K;V68I;E81Q;V95I;A106E;Q492T;V564I;T575V;T580R,0.9841680170832721,0.1964065535156249,0.1818579199218746,0.18185792;0.21014693;0.185899207;0.185899207;0.218229504,0.9840250968933105,0.0017432808876037599,-0.00040286779403686523,4,0.000169277191;0.00596994162;0.00298005342;-0.000402867794;0,0.008700209856033325,-0.004018068313598633,0.00477099419;0.0230529904;0;-0.00401806831;0.019695133,0.0662501335144043,0.9387359660411048,0.999595582485199,0.5583269596099854,309;336;353,-45.51270653307438,-4.6259236335754395,2,-0.3999999999999999,22.322357,NGLY1_EC025,0.9376765489578247,0.0034470558166503906,0.6161636710166931,0.018800437450408936,21.942399609705475,0.009784735812133072,0.2279098836341719,0.10397382969906954,0.08656953880620988,0.2279098836341719,0.6555599796169773,structures/NGLY1_10M_012_esmfold2fast.cif
NGLY1_10M_013,V17L;Q22K;V68I;V95I;Q492T;Q512E;V564I;T571A;T580K;E593K,0.9268455220100904,0.15922671210937506,0.14952762304687495,0.149527623;0.161651484;0.15356891;0.173775346;0.157610197,0.9839912414550781,0.001709425449371338,-0.00040286779403686523,4,0;0.00596994162;0;-0.000402867794;0.00298005342,0.0038402557373046877,0.0,0.00667446852;0.00332021713;0;0.00386738777;0.00533920527,0.28500003814697267,0.7659119711011251,0.999595582485199,0.5039061903953552,309;336;353,-38.77550990507007,-0.2682187557220459,3,-0.7999999999999998,26.049585,NGLY1_EC029,0.9384168386459351,0.004187345504760742,0.6218263506889343,0.024463117122650146,21.257560602134216,0.009784735812133072,0.21719928865994645,0.09758439846899049,0.14468596078005988,0.21719928865994645,0.6485074075354684,structures/NGLY1_10M_013_esmfold2fast.cif
NGLY1_10M_014,V17L;Q22K;V68I;V184I;Q492T;Q512E;T571A;T575V;E582R;S599T,0.8936743208556088,0.2206542761718749,0.21014692968749982,0.234394652;0.222270791;0.214188217;0.222270791;0.21014693,0.9834965348243714,0.0012147188186645507,-0.0017721056938171387,4,0.000169277191;0.00316208601;0.00153428316;-0.00177210569;0.00298005342,0.005533295869827271,0.0,0.00604903698;0.00166994333;0;0.00512391329;0.0148235857,0.4950000762939453,0.6354578974872602,0.9995694756507874,0.5350984334945679,309;336;353,-36.29188519529998,-1.3948501348495483,2,-1.4,18.176949,NGLY1_EC006,0.9388200044631958,0.004590511322021484,0.6221761703491211,0.024812936782836914,20.479402631080635,0.0136986301369863,0.2245319083594982,0.08780203549695506,0.12276614116855292,0.2245319083594982,0.6360935126996357,structures/NGLY1_10M_014_esmfold2fast.cif
NGLY1_10M_015,V17L;E81Q;Q97T;S110K;V184I;Q512E;V564I;T571A;T575V;E593K,0.7608656561235616,0.13821201914062503,0.1333624746093749,0.133362475;0.157610197;0.133362475;0.133362475;0.133362475,0.9838826537132264,0.0016008377075195312,-0.0012872815132141113,4,0.000169277191;0.00460785627;0.00153428316;-0.00128728151;0.00298005342,0.0073322892189025875,-0.004018068313598633,0.00210285187;0.0298354626;0;-0.00401806831;0.00874119997,0.43374996185302733,0.6635109916097695,0.99935382604599,0.5,309;336;353,-47.51967063546181,-2.8097646236419678,3,-3.4999999999999996,18.176949,NGLY1_EC226,0.935311496257782,0.001082003116607666,0.6053479313850403,0.007984697818756104,7.877596211062526,0.15851272015655576,0.2381022533239073,0.09178993503163138,0.12713890659373583,0.2381022533239073,0.6350090718962557,structures/NGLY1_10M_015_esmfold2fast.cif
NGLY1_10M_016,V17L;Q22K;S62K;R64K;V68I;K501E;T575V;T580K;E593R;D653E,0.9418462012276269,0.180241405078125,0.165692771484375,0.206105643;0.165692771;0.18185792;0.18185792;0.165692771,0.9841550707817077,0.0018732547760009766,-0.0012872815132141113,4,0.000169277191;0.00596994162;0.00298005342;-0.00128728151;0.00153428316,0.008518493175506592,-0.00037789344787597656,0.00541454554;0.00815463066;-0.000377893448;0.0111680031;0.01823318,0.2325000762939453,0.8044886748867972,0.9995694756507874,0.596433162689209,309;336;353,-52.45773234963417,-5.0755473375320435,3,-1.4,21.015661,NGLY1_EC090,0.9376316666603088,0.0034021735191345215,0.6130719184875488,0.01570868492126465,20.447109739597973,0.0136986301369863,0.2154538109724942,0.09502703497762033,0.09874078037562017,0.2154538109724942,0.6282328613555365,structures/NGLY1_10M_016_esmfold2fast.cif
NGLY1_10M_017,V17L;Q22K;F28L;R64K;Q492T;V564I;T575V;E593R;S599T;V612I,0.9213595843661841,0.1697340585937499,0.15356891015624985,0.185899207;0.165692771;0.189940494;0.15356891;0.15356891,0.9841212153434753,0.0018393993377685547,-0.0012872815132141113,4,0;0.00460785627;0.00434213877;-0.00128728151;0.00153428316,0.006625467538833618,-0.005391597747802734,0.00411808491;0.00495105982;0;-0.00539159775;0.0294497907,0.35500006675720214,0.7083480844887526,0.9995827078819275,0.5428633093833923,309;336;353,-49.21424927376211,-5.382676720619202,3,-1.4,26.562634,NGLY1_EC085,0.9385136961936951,0.004284203052520752,0.6192567348480225,0.02189350128173828,21.63304559362298,0.009784735812133072,0.22575675667794257,0.1560527331481652,0.08353861981375027,0.22575675667794257,0.6229476688933882,structures/NGLY1_10M_017_esmfold2fast.cif
NGLY1_10M_018,Q22K;V68I;Q97T;V184I;A189E;Q492S;T575V;E593R;T595K;Y603F,0.9077982868889896,0.16811754374999985,0.16165148437499965,0.161651484;0.177816633;0.169734059;0.169734059;0.161651484,0.9843472599983215,0.002065443992614746,-0.0017721056938171387,4,0.000169277191;0.00460785627;0.00434213877;-0.00177210569;0.00298005342,0.0033145129680633547,-0.004018068313598633,0.00541454554;0;-0.000377893448;-0.00401806831;0.0155539811,0.3749999046325684,0.691996242376828,0.9994296431541443,0.581303060054779,309;336;353,-61.80432732403278,-6.75433611869812,3,-9.9,18.176949,NGLY1_EC222,0.9382570385932922,0.00402754545211792,0.6195876002311707,0.022224366664886475,21.410975577077334,0.009784735812133072,0.11694095794603519,0.10681681865095431,0.10267067769854815,0.11694095794603519,0.6216207865573716,structures/NGLY1_10M_018_esmfold2fast.cif
NGLY1_10M_019,V17L;Q22K;V68I;V95I;I107S;Q492T;Q512E;T571A;T575V;S599T,0.8862110660307754,0.15680193984375004,0.14548633593750004,0.165692771;0.149527623;0.145486336;0.157610197;0.165692771,0.9838487982749939,0.0015669822692871093,-0.0012872815132141113,4,0;0.00316208601;0.00298005342;-0.00128728151;0.00298005342,0.009119933843612671,-0.004018068313598633,0.00604903698;0.00166994333;0;-0.00401806831;0.0418987572,0.47249999046325686,0.6341384623886873,0.9995694756507874,0.5273165106773376,309;336;353,-38.29189611040056,-0.9594463109970093,0,-5.699999999999999,26.049585,NGLY1_EC013,0.9372868537902832,0.0030573606491088867,0.614376962184906,0.017013728618621826,18.112652277625916,0.025440313111545987,0.2514698889591613,0.09683532377256143,0.1105585103361084,0.2514698889591613,0.6194826789457222,structures/NGLY1_10M_019_esmfold2fast.cif
NGLY1_10M_020,V17L;V68I;E81Q;Q97T;Q492T;R503K;T575V;T595K;S599T;V612I,0.8975727840930089,0.16488451406250001,0.15356891015624985,0.165692771;0.15356891;0.173775346;0.161651484;0.169734059,0.9841048002243042,0.001822984218597412,-0.0012872815132141113,4,0.000169277191;0.00460785627;0.00562506914;-0.00128728151;0,0.01050214171409607,-0.0013224482536315918,0.00477099419;0.0285130143;0.000366568565;-0.00132244825;0.0201825798,0.22125000953674318,0.8037059208164768,0.999220609664917,0.5428633093833923,309;336;353,-51.65379658155143,-4.686715483665466,2,-2.6,22.322357,NGLY1_EC180,0.9380136728286743,0.0037841796875,0.6163766980171204,0.01901346445083618,21.689063997666175,0.011741682974559686,0.2162861916118155,0.1333857789621404,0.07128956657530669,0.2162861916118155,0.5793977279399213,structures/NGLY1_10M_020_esmfold2fast.cif
NGLY1_10M_021,V17L;Q22K;V68I;S110K;V505I;F548Y;T571A;T575V;Y603F;R620K,0.8885315393206602,0.14952762304687503,0.13740376171875024,0.15356891;0.161651484;0.145486336;0.137403762;0.149527623,0.9841212153434753,0.0018393993377685547,-0.0012872815132141113,4,0;0.00460785627;0.00153428316;-0.00128728151;0.00434213877,0.011779326200485229,0.0,0.00541454554;0.00332021713;0;0.00130569935;0.048856169,0.46125006675720215,0.6428844704280761,0.9995417594909668,0.5506073832511902,309;336;353,-50.755688577890396,-4.188346862792969,2,-2.8999999999999995,26.049585,NGLY1_EC137,0.9374350309371948,0.003205537796020508,0.6171327829360962,0.01976954936981201,21.172894818605172,0.011741682974559686,0.21951351165305408,0.11541928766897691,0.1589788889802193,0.21951351165305408,0.5784156868255774,structures/NGLY1_10M_021_esmfold2fast.cif
NGLY1_10M_022,V17L;Q22K;S110K;V184I;R205K;A408E;Q435E;V505I;T575V;E582R,0.762037257227477,0.155185425,0.14548633593750004,0.169734059;0.15356891;0.145486336;0.149527623;0.157610197,0.9834953427314759,0.0012135267257690429,-0.00040286779403686523,4,0.000328361988;0.00460785627;0;-0.000402867794;0.00153428316,0.014187520742416382,0.0,0.00667446852;0.00495105982;0;0.00386738777;0.0554446876,0.48749990463256837,0.6293340159529611,0.9995827078819275,0.5117166042327881,309;336;353,-35.5159716475755,-3.1629385948181152,2,-9.2,18.176949,NGLY1_EC056,0.9325194954872131,-0.0017099976539611816,0.6003742814064026,0.003011047840118408,8.523225381591823,0.13894324853228962,0.20046584218387878,0.08241862398875754,0.08439776160151026,0.20046584218387878,0.5734907448819104,structures/NGLY1_10M_022_esmfold2fast.cif
NGLY1_10M_023,V17L;Q22K;R64K;V68I;V95I;A408E;Q492T;D565E;E593Q;Y603F,0.8337941706933779,0.1810496624999999,0.1737753457031248,0.189940494;0.173775346;0.18185792;0.173775346;0.185899207,0.9837677597999572,0.0014859437942504883,-0.00040286779403686523,4,0.000328361988;0.00316208601;0;-0.000402867794;0.00434213877,0.006147998571395874,0.0,0.00604903698;0.00166994333;0;0.0025947094;0.0204263031,0.27375011444091796,0.762456650600288,0.999595582485199,0.5926666259765625,309;336;353,-44.599564641714096,-4.568488836288452,1,-5.699999999999999,24.597963,NGLY1_EC093,0.9361357688903809,0.001906275749206543,0.6049522161483765,0.007588982582092285,15.260509715659968,0.023483365949119372,0.18823912397354542,0.07632390419290093,0.07122332221076477,0.18823912397354542,0.5705325168648219,structures/NGLY1_10M_023_esmfold2fast.cif
NGLY1_10M_024,V17L;Q22K;R64K;V68I;Q97T;R205K;A408E;K501E;T580R;E593K,0.716987094209053,0.14306156367187492,0.11719732617187484,0.149527623;0.117197326;0.149527623;0.145486336;0.15356891,0.9838119268417358,0.0015301108360290527,-0.001627802848815918,4,0.000328361988;0.00596994162;-0.00162780285;0;0.00298005342,0.011451274156570435,0.0,0.00477099419;0.00495105982;0;0.00758868456;0.0399456322,0.2612499713897705,0.7768262249297067,0.999595582485199,0.5506073832511902,309;336;353,-46.723109643906355,-4.467317342758179,1,-5.5,22.61654,NGLY1_EC069,0.9327377676963806,-0.0014917254447937012,0.5945579409599304,-0.0028052926063537598,5.129342412976849,0.3522504892367906,0.19072441772533683,0.06675868064521319,0.061011477776750075,0.19072441772533683,0.5701985750517833,structures/NGLY1_10M_024_esmfold2fast.cif
NGLY1_10M_025,Q22K;R64K;V68I;E81Q;Q97T;K501E;V505I;T575V;E582R;R620K,0.8471637962640499,0.18428269218749999,0.165692771484375,0.193981781;0.177816633;0.202064355;0.18185792;0.165692771,0.9838156461715698,0.0015338301658630372,-0.0012872815132141113,4,0.000169277191;0.00725287199;0;-0.00128728151;0.00153428316,0.0170521080493927,0.0,0.00604903698;0.0298354626;0;0.0025947094;0.0467813313,0.1874999523162842,0.8447254715904278,0.9992903470993042,0.5389832258224487,309;336;353,-49.319852124899626,-5.950727343559265,2,-0.7999999999999998,22.322357,NGLY1_EC080,0.9388357996940613,0.004606306552886963,0.6192741990089417,0.02191096544265747,21.061660897449514,0.009784735812133072,0.13181955278073304,0.14610446444900793,0.0786228523194733,0.14610446444900793,0.569860113901296,structures/NGLY1_10M_025_esmfold2fast.cif
NGLY1_10M_026,Q22K;V68I;E81Q;V505I;T571A;T575V;T580K;S599T;Y603F;V612I,0.8151242658763156,0.14871936562499996,0.1333624746093749,0.149527623;0.169734059;0.145486336;0.145486336;0.133362475,0.9839399695396424,0.001658153533935547,-0.0008314251899719238,4,0;0.00460785627;0.00153428316;-0.00083142519;0.00298005342,0.003220111131668091,-0.004018068313598633,0.00477099419;0.015832603;0;-0.00401806831;-0.000484973192,0.38250002861022947,0.6948589684201449,0.9995121955871582,0.5660185217857361,309;336;353,-43.48784998990595,-2.0422061681747437,3,-0.3999999999999999,22.322357,NGLY1_EC032,0.9375759959220886,0.0033465027809143066,0.6092913150787354,0.011928081512451172,17.115950898585357,0.033268101761252444,0.14660524780815437,0.0893202214441153,0.14697049548601915,0.14697049548601915,0.5541530436371258,structures/NGLY1_10M_026_esmfold2fast.cif
NGLY1_10M_027,V17L;Q22K;E81Q;V95I;A106E;V184I;V505I;N509D;T575V;E582R,0.8818771589300127,0.17215883085937495,0.15356891015624985,0.169734059;0.189940494;0.165692771;0.15356891;0.18185792,0.9837703824043273,0.0014885663986206055,-0.00040286779403686523,4,0.000169277191;0.00316208601;0.00298005342;-0.000402867794;0.00153428316,0.01790596842765808,-0.00037789344787597656,0.00604903698;0.032430172;-0.000377893448;0.00879734755;0.0426311791,0.1874999523162842,0.8368167899431797,0.9995827078819275,0.5736784338951111,309;336;353,-40.61757651343942,-5.926542639732361,2,-1.4,18.176949,NGLY1_EC063,0.9375028014183044,0.003273308277130127,0.6159852743148804,0.01862204074859619,21.895866081624963,0.007827788649706457,0.21239496360957372,0.10091202212582996,0.09716793135122725,0.21239496360957372,0.5528115267230298,structures/NGLY1_10M_027_esmfold2fast.cif
NGLY1_10M_028,Q22K;V68I;E81Q;V95I;V184I;R503K;V564I;T571A;T575V;V612I,0.8428281190770437,0.16488451406249993,0.14548633593750004,0.165692771;0.189940494;0.145486336;0.169734059;0.15356891,0.9838482141494751,0.0015663981437683105,-0.0012872815132141113,4,0.000169277191;0.00162780285;0.00298005342;-0.00128728151;0.00434213877,0.00803145170211792,-0.005391597747802734,0.00604903698;0.0216445327;-0.000377893448;-0.00539159775;0.01823318,0.241249942779541,0.8012648638447291,0.9995272159576416,0.5544704794883728,309;336;353,-41.54709915816784,-2.1614139080047607,2,0.20000000000000018,18.176949,NGLY1_EC057,0.9384056329727173,0.004176139831542969,0.6179982423782349,0.020635008811950684,21.35908655001883,0.009784735812133072,0.12386337432762652,0.10036111820189278,0.12347314185449602,0.12386337432762652,0.5506737605056401,structures/NGLY1_10M_028_esmfold2fast.cif
NGLY1_10M_029,V17L;R64K;V68I;S110K;R205K;Q492T;Q512E;T571A;T575V;E582R,0.6570828922391103,0.18509094960937497,0.1333624746093749,0.230353365;0.173775346;0.177816633;0.21014693;0.133362475,0.9835106492042541,0.0012288331985473634,-0.0017721056938171387,4,0.000328361988;0.00460785627;0;-0.00177210569;0.00298005342,0.0071067214012146,-0.0013224482536315918,0.00604903698;0.0128174424;0;-0.00132244825;0.0179895759,0.6137499809265137,0.5585035989861874,0.9993928670883179,0.5544704794883728,309;336;353,-43.835252199321985,0.6793770790100098,2,-3.4999999999999996,22.61654,NGLY1_EC155,0.9368521571159363,0.002622663974761963,0.6071736216545105,0.009810388088226318,8.269559741298341,0.14677103718199608,0.21314212385144565,0.07887772507691207,0.11625558972232417,0.21314212385144565,0.5499189076937792,structures/NGLY1_10M_029_esmfold2fast.cif
NGLY1_10M_030,Q22K;R64K;V68I;Q435E;V505I;V560S;T575V;E593K;T595K;R620K,0.5631925564646303,0.11315603906250002,0.09294960351562498,0.133362475;0.105073465;0.121238613;0.113156039;0.0929496035,0.9837817907333374,0.0014999747276306153,-0.0012872815132141113,4,0;0.00725287199;0.00153428316;-0.00128728151;0,0.01739395260810852,0.0,0.00789880753;0.00815463066;0;0;0.0709163249,0.39750003814697266,0.6906597586877478,0.999464213848114,0.5428633093833923,309;336;353,-57.00636105798185,-3.6951420307159424,3,-3.4,25.46192,NGLY1_EC219,0.9349815249443054,0.0007520318031311035,0.6035568714141846,0.006193637847900391,2.5505199476210665,0.8101761252446184,0.07168774229602773,0.04254292302768791,0.07757500554339909,0.07757500554339909,0.54446466433955,structures/NGLY1_10M_030_esmfold2fast.cif
NGLY1_10M_031,V17L;Q22K;V68I;I107S;Q492S;K501E;T575V;E582R;S599T;I648V,0.8215662548330724,0.16165148437499993,0.14548633593750004,0.18185792;0.15356891;0.157610197;0.145486336;0.169734059,0.9838487982749939,0.0015669822692871093,-0.0012872815132141113,4,0;0.00460785627;0.00298005342;-0.00128728151;0.00153428316,0.0016512811183929444,-0.005129396915435791,0.00477099419;-0.00512939692;0;-0.00401806831;0.0126328766,0.44624991416931153,0.6465705614814935,0.999555766582489,0.5273165106773376,309;336;353,-41.278764048591256,-6.778756737709045,1,-6.699999999999999,26.049585,NGLY1_EC028,0.9363974332809448,0.002167940139770508,0.6203994750976562,0.02303624153137207,20.818286384161453,0.01761252446183953,0.2332816134255988,0.10047391793272405,0.11679941646072402,0.2332816134255988,0.5233986071303609,structures/NGLY1_10M_031_esmfold2fast.cif
NGLY1_10M_032,V17L;Q22K;V68I;Q97T;K501E;Q512E;T575V;E593Q;T595K;S599T,0.8209180989154952,0.15437716757812492,0.13740376171875024,0.141445049;0.137403762;0.169734059;0.15356891;0.169734059,0.9840581059455872,0.0017762899398803711,-0.0017721056938171387,4,0.000169277191;0.00460785627;0.00434213877;-0.00177210569;0.00153428316,0.003976655006408691,0.0,0.000710904598;0.00166994333;0;0;0.0175024271,0.19499993324279785,0.829853344367455,0.9994296431541443,0.562176525592804,309;336;353,-49.51694002188742,-6.631738901138306,0,-3.6,26.049585,NGLY1_EC004,0.9366230964660645,0.0023936033248901367,0.614040732383728,0.016677498817443848,19.47678506750833,0.021526418786692758,0.2211178373197998,0.10444189461345078,0.05965607238778679,0.2211178373197998,0.5210164979158651,structures/NGLY1_10M_032_esmfold2fast.cif
NGLY1_10M_033,V17L;V68I;Q97T;A408E;Q512E;T575V;E582R;Y603F;R620K;I648V,0.6290564851262495,0.16892580117187492,0.15356891015624985,0.185899207;0.15356891;0.165692771;0.177816633;0.161651484,0.9834282398223877,0.0011464238166809082,-0.0017721056938171387,4,0;0.00596994162;0;-0.00177210569;0.00153428316,0.0017650365829467774,-0.002661764621734619,0.000710904598;0.00495105982;0;-0.00266176462;0.00582498312,0.5662500858306885,0.5796512222244543,0.9991169571876526,0.5350984334945679,309;336;353,-42.35715716704726,-5.116258144378662,0,-5.699999999999999,24.597963,NGLY1_EC181,0.9361302256584167,0.0019007325172424316,0.6079567074775696,0.0105934739112854,8.179218869335513,0.11154598825831702,0.235635272662854,0.0750506799928984,0.08834038904208129,0.235635272662854,0.5185959806553622,structures/NGLY1_10M_033_esmfold2fast.cif
NGLY1_10M_034,V17L;Q22K;S62K;V68I;E81Q;K501E;N509D;T575V;E593R;V612I,0.8629957708944578,0.19155700898437492,0.1737753457031248,0.21014693;0.189940494;0.202064355;0.18185792;0.173775346,0.9839055299758911,0.0016237139701843263,-0.0008314251899719238,4,0;0.00460785627;0.00434213877;-0.00083142519;0,0.00814548134803772,-0.00037789344787597656,0.00477099419;0.0230529904;-0.000377893448;0.0025947094;0.0106866062,0.08375005722045899,0.9249214355848585,0.9995417594909668,0.5583269596099854,309;336;353,-49.457242239266634,-8.157296180725098,2,-1.4,21.015661,NGLY1_EC112,0.9368146061897278,0.002585113048553467,0.6077497005462646,0.010386466979980469,21.071966238729388,0.011741682974559686,0.2219400277210983,0.11909695562049497,0.07746254086865847,0.2219400277210983,0.5015847092876191,structures/NGLY1_10M_034_esmfold2fast.cif
NGLY1_10M_035,Q22K;V68I;E81Q;V95I;R503K;V564I;T575V;E593Q;S599T;V612I,0.7687526847537074,0.16003496953124996,0.15356891015624985,0.161651484;0.173775346;0.15356891;0.157610197;0.15356891,0.9837677597999572,0.0014859437942504883,-0.00040286779403686523,4,0.000328361988;0.00316208601;0.00434213877;-0.000402867794;0,0.002155882120132446,-0.008190929889678955,0.00210285187;0.0143342018;-0.000377893448;-0.00819092989;0.00291118026,0.05374999046325683,0.9536930151737874,0.999480664730072,0.5039061903953552,309;336;353,-42.28519184328616,-4.795239329338074,3,0.20000000000000018,22.322357,NGLY1_EC014,0.938170850276947,0.003941357135772705,0.6170452237129211,0.019681990146636963,20.991023368102784,0.011741682974559686,0.12461779348012805,0.0847991520609431,0.08417396409098118,0.12461779348012805,0.47678631600415333,structures/NGLY1_10M_035_esmfold2fast.cif
NGLY1_10M_036,V17L;Q22K;R64K;V68I;K501E;V564I;T580K;E593R;S599T;D653E,0.7701110496199555,0.16973405859375007,0.1576101972656252,0.185899207;0.157610197;0.157610197;0.161651484;0.185899207,0.9837020874023438,0.001420271396636963,-0.00040286779403686523,4,0;0.00596994162;0.00153428316;-0.000402867794;0,0.003100454807281494,-0.0016898512840270996,0.00411808491;-0.00168985128;-0.000377893448;0.00130569935;0.0121462345,0.09749999046325683,0.915902120313885,0.9995827078819275,0.5698526501655579,309;336;353,-41.14095636643469,-2.746007800102234,2,-1.4,26.049585,NGLY1_EC040,0.9374005198478699,0.0031710267066955566,0.6174595355987549,0.020096302032470703,21.218912050476728,0.007827788649706457,0.20415705264459005,0.12480127559908345,0.09696077880153482,0.20415705264459005,0.4615920216281627,structures/NGLY1_10M_036_esmfold2fast.cif
NGLY1_10M_037,Q22K;R64K;V68I;Q492T;Q512E;V564I;T575V;E582K;Q591E;E593K,0.6998728634310363,0.16165148437499993,0.1333624746093749,0.193981781;0.15356891;0.161651484;0.165692771;0.133362475,0.9838021993637085,0.001520383358001709,-0.00040286779403686523,4,0.000328361988;0.00316208601;0.00153428316;-0.000402867794;0.00298005342,0.002688169479370117,-0.0013224482536315918,0.00667446852;0.00166994333;-0.000377893448;-0.00132244825;0.00679677725,0.26999993324279786,0.7723044043131112,0.9994966983795166,0.5117166042327881,309;336;353,-48.33057963475585,-1.4407113790512085,3,-1.1999999999999997,26.049585,NGLY1_EC146,0.9394840002059937,0.005254507064819336,0.624953031539917,0.027589797973632812,21.526931292427648,0.007827788649706457,0.11781844903392384,0.1261023386456356,0.11305887520558618,0.1261023386456356,0.4497401110071899,structures/NGLY1_10M_037_esmfold2fast.cif
NGLY1_10M_038,V17L;Q22K;R64K;V68I;N509D;D565E;T575V;Q591E;S599T;Y603F,0.7683994470481389,0.1608432269531252,0.13740376171875024,0.177816633;0.157610197;0.173775346;0.137403762;0.157610197,0.9839144706726074,0.0016326546669006349,-0.0012872815132141113,4,0.000328361988;0.00316208601;0.00298005342;-0.00128728151;0.00298005342,0.008120191097259522,-0.004018068313598633,0.00477099419;0.00332021713;0;-0.00401806831;0.0365278125,0.2200000286102295,0.8034133376510648,0.999595582485199,0.6261242032051086,309;336;353,-50.30109483189881,-4.007469415664673,-1,-0.3999999999999999,26.049585,NGLY1_EC142,0.9371702671051025,0.0029407739639282227,0.6127583384513855,0.015395104885101318,20.692974132993676,0.011741682974559686,0.20546605453702177,0.12320483801136076,0.09243162958985396,0.20546605453702177,0.4444859440900924,structures/NGLY1_10M_038_esmfold2fast.cif
NGLY1_10M_039,V17L;Q22K;V68I;A189E;K501E;N509D;T575V;E582R;T595K;Y603F,0.758110482487025,0.17943314765624993,0.1697340585937499,0.193981781;0.177816633;0.18185792;0.169734059;0.173775346,0.9837518334388733,0.0014700174331665039,-0.0017721056938171387,4,0;0.00316208601;0.00298005342;-0.00177210569;0.00298005342,0.0007064938545227051,-0.002908468246459961,0.00477099419;0.00166994333;0;0;-0.00290846825,0.434999942779541,0.6525371034670178,0.9995272159576416,0.5698526501655579,309;336;353,-48.51953358203173,-5.318152546882629,0,-9.9,24.511576,NGLY1_EC020,0.9373090267181396,0.003079533576965332,0.6161956191062927,0.018832385540008545,21.83856051685074,0.007827788649706457,0.21485682435038175,0.09891067205228525,0.09994712166186843,0.21485682435038175,0.4291079896716756,structures/NGLY1_10M_039_esmfold2fast.cif
NGLY1_10M_040,V17L;Q22K;L65I;V184I;A189E;R205K;Q492S;T575V;E582R;E593Q,0.7009336933665604,0.14791110820312497,0.1414450488281247,0.141445049;0.149527623;0.15356891;0.145486336;0.149527623,0.9836253166198731,0.0013435006141662598,-0.0012872815132141113,4,0.000328361988;0.00316208601;0.00298005342;-0.00128728151;0.00153428316,0.005953198671340943,0.0,0.00477099419;0.00332021713;0;0.00636428595;0.0153104961,0.2625,0.7749113459034724,0.9995827078819275,0.5467381477355957,309;336;353,-41.492659129202366,-7.031052231788635,3,-6.1,18.176949,NGLY1_EC015,0.9390609860420227,0.004831492900848389,0.6210843920707703,0.023721158504486084,21.178803942638027,0.011741682974559686,0.2249432838062219,0.10967604746934825,0.06439990905683841,0.2249432838062219,0.4262828733402165,structures/NGLY1_10M_040_esmfold2fast.cif
NGLY1_10M_041,Q22K;R64K;V68I;A408E;Q435E;N509D;V564I;T575V;E593K;V612I,0.5240740266422159,0.1584184546874999,0.1374037617187498,0.18185792;0.145486336;0.161651484;0.165692771;0.137403762,0.9833778142929077,0.0010959982872009277,-0.0008314251899719238,4,0.000169277191;0.00460785627;0;-0.00083142519;0.00153428316,0.007606333494186402,-0.00037789344787597656,0.00604903698;0.00495105982;-0.000377893448;0.0025947094;0.0248147547,0.34875001907348635,0.7246227091387296,0.999480664730072,0.5506073832511902,309;336;353,-48.093657257035375,-3.1282447576522827,0,-6.1,24.597963,NGLY1_EC107,0.9330487251281738,-0.0011807680130004883,0.6007672548294067,0.0034040212631225586,5.043424202658248,0.3659491193737769,0.09375251645621914,0.07428773372556023,0.08944750581080411,0.09375251645621914,0.42091776745816134,structures/NGLY1_10M_041_esmfold2fast.cif
NGLY1_10M_042,V17L;Q22K;V68I;V184I;R205K;R503K;T575V;Q591E;E593K;S599T,0.7023445818069138,0.1559936824218749,0.14144504882812514,0.15356891;0.15356891;0.141445049;0.169734059;0.161651484,0.9836076140403748,0.0013257980346679688,-0.0012872815132141113,4,0.000328361988;0.00162780285;0.00298005342;-0.00128728151;0.00298005342,0.016930311918258667,0.0,0.00477099419;0.00656247139;0;0.0111680031;0.0621500909,0.30500011444091796,0.7393649504187002,0.9995827078819275,0.5389832258224487,309;336;353,-46.814104443416,-4.181021809577942,2,0.40000000000000036,18.176949,NGLY1_EC065,0.9377912878990173,0.0035617947578430176,0.614916205406189,0.017552971839904785,19.508526008872163,0.015655577299412915,0.23141331307096258,0.09464265443051373,0.08509712444811768,0.23141331307096258,0.41704380336174773,structures/NGLY1_10M_042_esmfold2fast.cif
NGLY1_10M_043,V17L;Q22K;R64K;V68I;A189E;Q492T;V560K;T575V;E582K;Y603F,0.6890891669065141,0.18347443476562492,0.1697340585937499,0.189940494;0.177816633;0.189940494;0.169734059;0.189940494,0.9835419416427612,0.0012601256370544434,-0.0012872815132141113,4,0;0.00460785627;0;-0.00128728151;0.00298005342,0.018734735250473023,0.0,0.00967055559;0.018774569;0;0.00758868456;0.0576398671,0.5725001335144043,0.580952723657215,0.9995272159576416,0.5660185217857361,309;336;353,-54.951999954879284,-4.936317682266235,3,-6.1,24.511576,NGLY1_EC194,0.9387775659561157,0.004548072814941406,0.6221134066581726,0.024750173091888428,21.609484886799653,0.011741682974559686,0.20329007111547573,0.1087854983861365,0.09606563930158808,0.20329007111547573,0.4098678570901391,structures/NGLY1_10M_043_esmfold2fast.cif
NGLY1_10M_044,Q22K;V68I;E81Q;Q97T;V184I;K501E;V564I;T571A;E593R;S599T,0.6875111409682091,0.16569277148437492,0.15356891015624985,0.15356891;0.18185792;0.165692771;0.165692771;0.161651484,0.9835596442222595,0.0012778282165527345,-0.0012872815132141113,4,0;0.00316208601;0.00153428316;-0.00128728151;0.00298005342,0.006211668252944946,-0.00037789344787597656,0.00278419256;0.018774569;-0.000377893448;0.0025947094;0.00728276372,0.07500004768371582,0.9437968041200926,0.999464213848114,0.5117166042327881,309;336;353,-42.59033484570682,-4.958787679672241,2,-1.4,18.176949,NGLY1_EC094,0.9377662539482117,0.0035367608070373535,0.6175001263618469,0.020136892795562744,21.180520099622647,0.011741682974559686,0.12503585808381842,0.11215066075100216,0.1395238620431161,0.1395238620431161,0.3887909020604941,structures/NGLY1_10M_044_esmfold2fast.cif
NGLY1_10M_045,V17L;Q22K;V68I;E81Q;V95I;Q435E;Q492S;V505I;Y603F;R620K,0.6665950081773573,0.15356891015624985,0.1414450488281247,0.161651484;0.141445049;0.149527623;0.145486336;0.169734059,0.9834296703338623,0.0011478543281555175,-0.00040286779403686523,4,0;0.00460785627;0.00153428316;-0.000402867794;0,0.016343098878860474,0.0,0.00789880753;0.018774569;0;0.00386738777;0.0511747301,0.12874994277954102,0.8826228669419971,0.9995694756507874,0.5273165106773376,309;336;353,-40.12303732149303,-5.481177091598511,1,0.20000000000000018,22.322357,NGLY1_EC206,0.9380090236663818,0.0037795305252075195,0.6145573258399963,0.017194092273712158,19.177189561931808,0.01761252446183953,0.24366563536215288,0.09831695324170275,0.09638493523447401,0.24366563536215288,0.38732373273038484,structures/NGLY1_10M_045_esmfold2fast.cif
NGLY1_10M_046,V17L;Q22K;S62K;R64K;V68I;A106E;V184I;T571A;T575V;Y603F,0.6900234225728558,0.15680193984374996,0.1333624746093749,0.185899207;0.173775346;0.149527623;0.141445049;0.133362475,0.9837350964546203,0.0014532804489135742,-0.0017721056938171387,4,0;0.00316208601;0.00153428316;-0.00177210569;0.00434213877,0.02359820008277893,0.00036656856536865234,0.00908851624;0.0143342018;0.000366568565;0.0210965276;0.0731051862,0.3899999618530273,0.6910041041132947,0.9996199607849121,0.562176525592804,309;336;353,-56.62743014842272,-3.775315523147583,1,-0.3999999999999999,18.176949,NGLY1_EC221,0.9375089406967163,0.003279447555541992,0.6162460446357727,0.018882811069488525,21.414817923275578,0.011741682974559686,0.21654404774013508,0.09916065086118611,0.1422082015117011,0.21654404774013508,0.371612071190996,structures/NGLY1_10M_046_esmfold2fast.cif
NGLY1_10M_047,V17L;V68I;E81Q;Q97T;R205K;N509D;D565E;T575V;T580R;V612I,0.6821208145999575,0.17539186054687494,0.1616514843750001,0.169734059;0.173775346;0.161651484;0.189940494;0.18185792,0.9835908770561218,0.0013090610504150391,-0.0012872815132141113,4,0.000328361988;0.00596994162;0.00153428316;-0.00128728151;0,0.001910853385925293,-0.015474259853363037,-0.000721037388;0.0311411619;0;-0.00539159775;-0.0154742599,0.09124999046325684,0.9170398738118,0.9993333220481873,0.6150878667831421,309;336;353,-45.01429342478514,-5.445942759513855,1,0.6000000000000001,22.322357,NGLY1_EC165,0.9377749562263489,0.0035454630851745605,0.6136407852172852,0.016277551651000977,20.79645133584787,0.011741682974559686,0.21826227739935958,0.10061280058094059,0.06940790338665541,0.21826227739935958,0.3655731947978018,structures/NGLY1_10M_047_esmfold2fast.cif
NGLY1_10M_048,V17L;Q22K;V68I;I107S;A408E;Q492S;R503K;V564I;T575V;E582R,0.5998368156700588,0.17620011796874993,0.165692771484375,0.185899207;0.165692771;0.169734059;0.173775346;0.185899207,0.9831228137016297,0.0008409976959228516,-0.00040286779403686523,4,0;0.00162780285;0;-0.000402867794;0.00298005342,0.004273128509521484,-0.005129396915435791,0.00604903698;-0.00512939692;0;-0.00266176462;0.0231077671,0.6187499523162842,0.5435775237271536,0.9995417594909668,0.5273165106773376,309;336;353,-34.53108097985387,-2.2293028831481934,2,-11.399999999999999,24.597963,NGLY1_EC002,0.9350786805152893,0.0008491873741149902,0.603253185749054,0.005889952182769775,14.12728407696837,0.029354207436399216,0.23238589118751732,0.07744931510639025,0.09482486642709978,0.23238589118751732,0.33664189749068874,structures/NGLY1_10M_048_esmfold2fast.cif
